last_name, first_name, date_of_birth, provider, handle
Watsica, Lucile, 1975/01/02, 
Ernser, Jasen, 1980/01/03, 
Rice, Jack, 1963/01/04, 
Sawayn, Palma, 1951/01/05, slack
Funk, Rubye, 2003/01/06, 
Quitzon, Quinn, 2006/01/07, email, Nathanael.Howe@yahoo.com
Torphy, Dane, 1987/01/08, 
Williamson, Isabelle, 1990/01/09, email, Rickey_Koepp@hotmail.com
Leuschke, Sherwood, 2009/01/10, 
Ferry, Providenci, 1984/01/11, 
Effertz, Kavon, 2021/01/12, email, Audreanne.Yost@hotmail.com
McGlynn, Gennaro, 1943/01/13, email, Freeman75@yahoo.com
Kling, Murphy, 1952/01/14, 
Kassulke, Lucie, 1970/01/15, email, Ophelia76@hotmail.com
Pollich, Immanuel, 1983/01/16, 
Metz, Jacinto, 1948/01/17, slack
Hilll, Madisen, 1982/01/18, 
Armstrong, Trenton, 1948/01/19, email, Vilma93@yahoo.com
Wintheiser, Gracie, 2009/01/20, email, Chadd_Raynor42@gmail.com
Gulgowski, Florian, 2022/01/21, 
Hirthe, Alvah, 2021/01/22, slack
Dare, Guy, 1960/01/23, 
Barrows, Oral, 1969/01/24, slack
Beer, Cordell, 2022/01/25, email, Elouise16@gmail.com
Wiza, Ibrahim, 2014/01/26, 
Kessler, Marcos, 1959/01/27, 
Tremblay, Jarvis, 2005/01/28, slack
Smith, Heath, 1951/01/29, email, Mikel.Turcotte@hotmail.com
Robel, Ezra, 2018/01/30, 
Heaney, Flavio, 1985/01/31, slack
Corwin, Leslie, 2003/02/01, 
Hansen, Viviane, 1948/02/02, 
Botsford, Ross, 1998/02/03, email, Rhoda_Lesch@yahoo.com
Brown, Gust, 1988/02/04, email, Guiseppe_Berge@hotmail.com
Goldner, Buster, 1967/02/05, 
McClure, Miles, 2002/02/06, email, Maymie_Schaden97@hotmail.com
Frami, Anita, 1949/02/07, 
Leannon, Yasmin, 1985/02/08, 
Walter, Orie, 1968/02/09, slack
Runolfsdottir, Seth, 1947/02/10, slack
Hintz, Fernando, 2021/02/11, 
Schulist, Zion, 1954/02/12, 
Mraz, Mariana, 1952/02/13, email, Tianna.Price20@yahoo.com
Veum, Geovany, 2016/02/14, email, Leta_Denesik48@hotmail.com
Wyman, Taryn, 1980/02/15, 
Legros, Ayden, 1986/02/16, slack
Rau, Jayne, 1976/02/17, slack
Sanford, Arnoldo, 1976/02/18, 
Collier, Lucy, 1972/02/19, 
Cole, River, 1950/02/20, slack
Tillman, Ricky, 2005/02/21, 
Bailey, Darrick, 1994/02/22, slack
Kassulke, Akeem, 1961/02/23, slack
Effertz, Helene, 1996/02/24, slack
MacGyver, Alanna, 1986/02/25, 
Gleason, Tyrese, 2002/02/26, email, Retta31@hotmail.com
Bogan, Stephania, 1978/02/27, slack
Blanda, Loyal, 1984/02/28, 
Bins, Skye, 1946/03/01, slack
Nicolas, Beau, 1975/03/02, slack
Johnson, Melyssa, 2009/03/03, 
Schulist, Jadon, 2002/03/04, email, Daryl.Dietrich83@yahoo.com
Schneider, Deondre, 1946/03/05, slack
Dickens, Kenton, 2001/03/06, slack
O'Conner, Kyle, 1998/03/07, 
Cartwright, Toby, 1957/03/08, slack
Murazik, Clementina, 1968/03/09, slack
Rath, Hanna, 2015/03/10, 
White, Kenyatta, 1961/03/11, slack
Hickle, Louie, 1951/03/12, email, Pat33@yahoo.com
Sauer, Tate, 1946/03/13, slack
Bogisich, Winifred, 1963/03/14, slack
Cummings, Hellen, 1996/03/15, email, Katlynn14@yahoo.com
Schowalter, Alexzander, 2007/03/16, slack
Stanton, Tara, 2014/03/17, email, Rey99@gmail.com
Weber, Misael, 1986/03/18, slack
Kuhlman, Guadalupe, 2008/03/19, 
Lynch, Jimmy, 1985/03/20, 
Streich, Wallace, 2004/03/21, 
Collins, Susie, 1973/03/22, slack
Braun, Zackary, 1965/03/23, email, Rachael_Swaniawski54@hotmail.com
Lubowitz, Ahmed, 1962/03/24, email, Patsy_VonRueden@hotmail.com
Olson, Scotty, 1943/03/25, slack
Crona, Lorna, 2011/03/26, slack
Skiles, Taylor, 1972/03/27, slack
Toy, Cathryn, 1986/03/28, 
Gleason, Hal, 1964/03/29, 
Bailey, Kaylee, 1975/03/30, slack
Klocko, Yazmin, 1977/03/31, 
Spencer, Erwin, 1992/04/01, slack
Emard, Matteo, 1984/04/02, 
Swaniawski, Jonatan, 1972/04/03, 
Monahan, Bernadette, 1985/04/04, 
Mertz, Charles, 2003/04/05, 
Gutkowski, Lenna, 1955/04/06, 
Prohaska, Presley, 1944/04/07, slack
Kling, Jaquan, 1994/04/08, slack
Baumbach, Micah, 2008/04/09, email, Cecil_Toy@gmail.com
Weimann, Tyshawn, 1992/04/10, slack
Pacocha, Breanna, 1970/04/11, slack
Torp, Dannie, 1992/04/12, 
Satterfield, Marlen, 2003/04/13, slack
Lind, Chris, 1945/04/14, slack
Muller, Ahmad, 1999/04/15, 
Yost, Calista, 1987/04/16, slack
Kemmer, Marjory, 1996/04/17, 
Leffler, Jayne, 2011/04/18, email, Caden_Buckridge@gmail.com
Nolan, Dewayne, 1999/04/19, slack
Thompson, Lauryn, 2004/04/20, email, Lavina_Lynch@hotmail.com
Hoeger, Reta, 2018/04/21, slack
Kautzer, Otis, 1981/04/22, slack
Wiegand, Parker, 1968/04/23, slack
Predovic, Candida, 2013/04/24, email, Garrett.Gaylord66@hotmail.com
Jakubowski, Elisa, 1972/04/25, slack
Bednar, Kathryn, 1990/04/26, 
Schneider, Ruthie, 1987/04/27, slack
Friesen, Derick, 1943/04/28, 
Roob, Veda, 2009/04/29, 
Jakubowski, Carlotta, 1953/04/30, slack
Stamm, Kaylee, 1997/05/01, 
Schowalter, Mozell, 1977/05/02, 
Mraz, Edmond, 2018/05/03, email, Josue.Ritchie54@hotmail.com
Howell, Kiera, 2005/05/04, email, Marjolaine.Terry@yahoo.com
Okuneva, Joshua, 2002/05/05, 
O'Keefe, Zelda, 1945/05/06, 
Shanahan, Corine, 2000/05/07, 
Lang, Germaine, 1967/05/08, 
Stokes, Tyson, 1972/05/09, slack
Russel, Marion, 1995/05/10, slack
Strosin, Rod, 1996/05/11, email, Maye47@hotmail.com
Lehner, Kaden, 1955/05/12, email, Elton_Langworth@hotmail.com
Larson, Kenyatta, 1947/05/13, slack
O'Keefe, Lucas, 1970/05/14, email, Gabrielle.Lehner@gmail.com
Heidenreich, Aaron, 1982/05/15, 
Considine, Duncan, 2007/05/16, 
Wehner, Nicolas, 1994/05/17, email, Kobe67@yahoo.com
Hilll, Rosemary, 1980/05/18, slack
Spencer, Madeline, 1946/05/19, 
Brown, Carolina, 1949/05/20, 
Goyette, Augustine, 1944/05/21, email, Cristian_Kautzer@hotmail.com
Padberg, Brendan, 1983/05/22, slack
Cormier, Darius, 1969/05/23, 
Hettinger, Stephania, 2004/05/24, 
Windler, Elissa, 1981/05/25, email, Lawson.Cormier@yahoo.com
Runte, Wilfrid, 1967/05/26, slack
Herzog, Otilia, 2003/05/27, slack
Armstrong, Lizeth, 1979/05/28, 
Turcotte, Alisha, 1958/05/29, email, Brenda_Hayes@gmail.com
Armstrong, Cloyd, 1996/05/30, slack
Dibbert, Foster, 1986/05/31, 
Abbott, Jayme, 1998/06/01, email, Opal_Huel@hotmail.com
West, Linnie, 1954/06/02, email, Kattie_Terry@yahoo.com
Thiel, Rene, 2012/06/03, slack
Gleichner, Cristian, 2014/06/04, 
Kilback, Herminia, 2008/06/05, email, Alaina_Maggio60@hotmail.com
Spencer, Noemy, 1998/06/06, 
Erdman, Jerrell, 1949/06/07, email, Alison_Dooley84@gmail.com
Watsica, Watson, 1943/06/08, email, Hilma_Becker@hotmail.com
Schuster, Quinn, 1965/06/09, email, Everett.Koss@hotmail.com
Mann, Roger, 1967/06/10, slack
Harvey, Garett, 1997/06/11, 
Swift, Joshua, 1968/06/12, slack
Krajcik, Muhammad, 1978/06/13, email, Queenie7@gmail.com
Crooks, Cole, 2020/06/14, 
Fisher, Tevin, 1975/06/15, 
Tremblay, Jena, 1953/06/16, 
Rolfson, Newell, 2011/06/17, slack
Breitenberg, Jodie, 1978/06/18, email, Frederic16@yahoo.com
Bosco, Emily, 1994/06/19, 
Wiza, Trinity, 1943/06/20, email, Estella94@hotmail.com
Schinner, Xavier, 1978/06/21, email, Dewayne23@gmail.com
Hand, Justine, 1995/06/22, 
Cassin, Hailie, 2021/06/23, 
White, Thurman, 1958/06/24, slack
Bruen, Magali, 1953/06/25, email, Robb_Kreiger@hotmail.com
Gerlach, Maximillia, 1983/06/26, 
Marks, Alexandrea, 1993/06/27, email, Oran12@yahoo.com
Torp, Jocelyn, 2012/06/28, slack
Marks, Easton, 2017/06/29, email, Joshua_Von@yahoo.com
Halvorson, Raoul, 1986/06/30, 
Rau, Ashleigh, 1978/07/01, slack
Mayer, Cleveland, 2011/07/02, 
Murray, Rickie, 1988/07/03, 
Corkery, Wiley, 1987/07/04, 
Kerluke, Abraham, 1960/07/05, email, Hal_Leffler@hotmail.com
Tremblay, Dayton, 1977/07/06, slack
Bailey, Elinore, 1966/07/07, 
Pouros, Dayne, 1949/07/08, email, George.Treutel@yahoo.com
Pfannerstill, Corbin, 1993/07/09, email, Monty_Bruen@yahoo.com
Olson, Vince, 1950/07/10, 
Kuhic, Clark, 1949/07/11, email, Alanis_Wintheiser61@hotmail.com
Hessel, Camylle, 1982/07/12, email, Jimmy85@hotmail.com
Kihn, Brendon, 1945/07/13, email, Maddison_Bins@yahoo.com
Stokes, Mazie, 2009/07/14, slack
Reichel, Otis, 2007/07/15, email, Verla.Runolfsson4@hotmail.com
Romaguera, Jayne, 1958/07/16, email, Dakota30@yahoo.com
Larkin, Justine, 1964/07/17, slack
Mills, William, 1981/07/18, email, Presley_Marks@gmail.com
Wiza, Hayden, 1944/07/19, email, Dora_Wisoky29@hotmail.com
Rutherford, Gordon, 1945/07/20, email, Mckayla.Hermann71@gmail.com
Conroy, Nakia, 2001/07/21, 
Wisoky, Ryan, 1963/07/22, slack
Will, Robyn, 1966/07/23, slack
Langworth, Eleazar, 1996/07/24, slack
Davis, Kaela, 1942/07/25, email, Magdalena_Reilly70@gmail.com
Pagac, Nannie, 2006/07/26, slack
Gusikowski, Chris, 1989/07/27, email, Daryl.Mayert48@yahoo.com
Predovic, Willard, 1981/07/28, email, Elenor.Willms@hotmail.com
Shanahan, Richmond, 1979/07/29, slack
Shanahan, Shanie, 1987/07/30, slack
Klocko, Helga, 2002/07/31, email, Kirsten28@gmail.com
Miller, Juvenal, 1949/08/01, email, Audie35@yahoo.com
Grady, Johan, 2006/08/02, slack
Abernathy, Francis, 1963/08/03, 
Schuppe, Enos, 2020/08/04, email, Casimir_Heaney@hotmail.com
Lehner, Laury, 1954/08/05, slack
Spencer, Carmella, 1975/08/06, email, Taylor.Koch61@hotmail.com
Ratke, Kennedi, 1958/08/07, slack
Krajcik, Ladarius, 2022/08/08, slack
Pollich, Micheal, 1999/08/09, email, Dillon.Gibson10@gmail.com
Monahan, Carroll, 1980/08/10, 
Kris, Rashawn, 2000/08/11, 
McLaughlin, Levi, 1967/08/12, slack
Heller, Kelsie, 1982/08/13, slack
Graham, Vaughn, 1992/08/14, email, Brant95@gmail.com
Metz, Fletcher, 2022/08/15, 
Parker, Mertie, 1963/08/16, email, Miles41@hotmail.com
O'Keefe, Lazaro, 2015/08/17, 
Casper, Sheila, 1999/08/18, 
Kris, Ofelia, 2022/08/19, slack
Ferry, Brock, 1964/08/20, 
O'Reilly, Eduardo, 1999/08/21, email, Daija_Goodwin34@yahoo.com
Hickle, Ava, 1963/08/22, email, Vernon_Schneider@yahoo.com
Runolfsdottir, Efrain, 1994/08/23, slack
Rippin, Shaina, 2022/08/24, email, Lane.Hayes@gmail.com
Pollich, Tristian, 1942/08/25, email, Gerry.Abernathy@yahoo.com
Nikolaus, Baby, 1964/08/26, slack
Pagac, Brooke, 1980/08/27, slack
Maggio, Nova, 1962/08/28, 
Walsh, Berta, 1997/08/29, 
Swift, Alf, 1980/08/30, slack
Schiller, Brody, 2005/08/31, 
Barrows, Claire, 1997/09/01, 
Hilpert, Oswald, 1974/09/02, 
Miller, Bell, 1975/09/03, slack
Heidenreich, Doug, 1951/09/04, 
Olson, Demarco, 1962/09/05, email, Abby84@yahoo.com
Boyer, Beaulah, 1974/09/06, 
Beier, Susie, 1963/09/07, 
Borer, Elbert, 1969/09/08, 
Wintheiser, Albert, 1978/09/09, 
Sawayn, Creola, 1964/09/10, email, Andreanne_Rohan74@yahoo.com
Torphy, Chadrick, 1999/09/11, 
Murray, Jillian, 1962/09/12, email, Andreane.Maggio@gmail.com
Shields, Caleigh, 1961/09/13, 
Flatley, Jared, 1958/09/14, 
Nicolas, Nella, 1959/09/15, slack
Brakus, Chyna, 2020/09/16, slack
Huel, Ally, 1984/09/17, slack
Heidenreich, Ethyl, 2019/09/18, slack
Heidenreich, Serena, 2012/09/19, email, Libbie71@yahoo.com
O'Conner, Margaretta, 1985/09/20, email, Pattie.Hahn@hotmail.com
Marvin, Austin, 1954/09/21, 
Klein, Deborah, 1946/09/22, 
Herzog, Marilie, 1965/09/23, 
Windler, Pinkie, 1970/09/24, email, Hanna.Friesen72@yahoo.com
Runolfsdottir, Sheila, 1964/09/25, email, Bella_Corwin91@gmail.com
Stark, Stefan, 1951/09/26, email, Laura_Bergnaum@hotmail.com
Kerluke, Cassidy, 2013/09/27, slack
Huel, Gwen, 2007/09/28, 
Brakus, Benton, 1953/09/29, 
Crooks, Nona, 2007/09/30, 
Ernser, Bernardo, 1957/10/01, email, Fausto_Daugherty48@yahoo.com
McLaughlin, Icie, 1969/10/02, slack
West, Etha, 2017/10/03, slack
Schaefer, Modesta, 1979/10/04, 
Becker, Alessia, 1984/10/05, slack
Skiles, Johnnie, 1951/10/06, slack
Effertz, Kendra, 2015/10/07, email, Alba.Cronin93@gmail.com
Turcotte, Cortney, 1977/10/08, 
Goyette, Thalia, 1950/10/09, slack
Brakus, Declan, 1982/10/10, email, Coralie95@yahoo.com
Hyatt, Chelsie, 2015/10/11, slack
Bogisich, Maximilian, 1956/10/12, email, Mckenna78@yahoo.com
Terry, Kristoffer, 2008/10/13, 
Quitzon, Clifton, 2008/10/14, email, George29@gmail.com
Schaefer, Norval, 1990/10/15, 
Jakubowski, Titus, 1979/10/16, slack
Bode, Maya, 1996/10/17, 
Tillman, Rita, 2022/10/18, 
Ullrich, Layne, 1973/10/19, slack
Runte, Amara, 2016/10/20, 
Pagac, Dolores, 1943/10/21, email, Sarai_Kessler86@hotmail.com
Lowe, Yoshiko, 1956/10/22, email, Meghan.Hettinger@gmail.com
Reilly, Devan, 2012/10/23, slack
Deckow, Carissa, 1956/10/24, slack
Bartell, Darius, 1965/10/25, 
Herzog, Ana, 1951/10/26, 
Gutmann, Gerhard, 1981/10/27, 
Waelchi, Paolo, 1948/10/28, slack
Willms, Delphine, 1980/10/29, slack
Christiansen, Laura, 1994/10/30, email, Jordyn25@yahoo.com
Brown, Sherman, 1953/10/31, 
Miller, Morton, 1964/11/01, slack
Jerde, Thurman, 1962/11/02, slack
Deckow, Sharon, 2009/11/03, slack
Kunde, Wilfrid, 1979/11/04, email, Keegan.Turner0@hotmail.com
Herman, Virgie, 2016/11/05, slack
Grimes, Loren, 1999/11/06, slack
Ward, Karl, 1969/11/07, 
Rau, Mary, 2011/11/08, email, Christiana_Dicki43@hotmail.com
Gislason, Eriberto, 2019/11/09, 
West, Troy, 1943/11/10, 
Luettgen, Aniyah, 2013/11/11, 
Schinner, Terence, 1947/11/12, email, Madisen_Huels72@hotmail.com
Treutel, Edd, 2011/11/13, 
Schaden, Kristofer, 2016/11/14, 
Goldner, Guy, 1994/11/15, 
Beier, Simeon, 2000/11/16, slack
Erdman, Gordon, 1948/11/17, email, Bradley95@gmail.com
Gerlach, Nathanial, 1977/11/18, slack
Medhurst, Betty, 1994/11/19, 
Schaden, Juliana, 2000/11/20, slack
Swift, Christian, 1981/11/21, email, Marcelino15@hotmail.com
Huel, Rodolfo, 2008/11/22, 
Douglas, Roderick, 1959/11/23, slack
Conroy, Kurt, 2016/11/24, slack
Walsh, Carey, 1950/11/25, email, Marcelino_Abbott28@gmail.com
Littel, Cassie, 2013/11/26, email, Verdie.Kuhic22@yahoo.com
Murazik, Jennifer, 1944/11/27, email, Alanna.Jerde@yahoo.com
Durgan, Porter, 1959/11/28, 
Grady, Emery, 1945/11/29, email, Geovanni_Wolf50@gmail.com
Auer, Valentine, 1951/11/30, 
Hahn, Jermaine, 1982/12/01, email, Jerrod.Bartell@gmail.com
Botsford, Daisy, 1984/12/02, 
Bogan, Chaim, 2016/12/03, 
Mann, Bradford, 2022/12/04, email, Juana_Schumm57@hotmail.com
Wyman, Lisette, 2017/12/05, email, Geo.Hermiston@yahoo.com
Cole, Misty, 1976/12/06, slack
Lowe, Jaleel, 1999/12/07, email, Elisa24@gmail.com
Mohr, Madison, 1989/12/08, email, Rosie_Mills@gmail.com
Schuppe, Mervin, 1969/12/09, 
Rogahn, Trinity, 2020/12/10, email, Nicolette.Bartoletti@yahoo.com
Schmidt, Ibrahim, 1976/12/11, email, Pansy.Leuschke@hotmail.com
Lowe, Wade, 2015/12/12, slack
Bradtke, Reina, 1977/12/13, slack
Hills, Lori, 1957/12/14, slack
Pouros, Lydia, 1946/12/15, slack
Braun, Maia, 2000/12/16, email, Velva_Welch12@hotmail.com
Pfeffer, Rosetta, 1987/12/17, 
Bauch, Antwon, 1955/12/18, slack
Conroy, Audie, 1996/12/19, email, Edgardo.Crona@hotmail.com
Tillman, Floy, 2010/12/20, email, Stephen_Blanda@gmail.com
Boehm, Davon, 1980/12/21, email, Drake_Hand17@hotmail.com
Moore, Gerson, 1998/12/22, slack
MacGyver, Amani, 1976/12/23, 
Carter, Addison, 2005/12/24, slack
Blick, Evan, 2017/12/25, 
Jones, Julia, 2010/12/26, 
Balistreri, Arnold, 1990/12/27, slack
Greenfelder, Clarabelle, 1994/12/28, 
Kohler, Hertha, 1982/12/29, 
Walsh, Hermann, 2012/12/30, email, Ambrose_Schmeler@hotmail.com
Leannon, Ara, 1965/12/31, email, Jerod_Mertz40@hotmail.com
Runolfsdottir, Berenice, 1989/01/01, slack
